Q1,Q2,Q3,Q4,Q5,Overall_Feedback,Sentiment
The instructor explained the concepts clearly.,The practical examples were useful.,The session was well organized.,I understood the topic better after the session.,The pace of teaching was comfortable.,Very informative and helpful session.,Positive
The explanation was easy to understand.,The examples were relevant.,The session was structured well.,The instructor answered questions clearly.,The pace was appropriate.,I had a good learning experience.,Positive
The instructor was engaging.,The practical demonstration was excellent.,The content was organized clearly.,The topic became easier to understand.,The teaching pace was comfortable.,A useful and engaging session.,Positive
The concepts were explained with good examples.,The exercises were helpful.,The session was well planned.,I gained useful knowledge.,The pace was good.,"Overall, the session was very helpful.",Positive
The instructor communicated effectively.,The examples helped clarify the topic.,The session was interactive.,I understood most of the concepts.,The pace was comfortable.,Good session with clear explanations.,Positive
The topic was interesting.,The practical examples were clear.,The instructor encouraged questions.,The session improved my understanding.,The pace was suitable.,It was an informative learning session.,Positive
The teaching was clear and engaging.,The examples were practical.,The session was organized properly.,I learned several new concepts.,The pace was good.,"Overall, I found the session useful.",Positive
The instructor explained difficult concepts well.,The activities were useful.,The session was planned effectively.,The explanations improved my understanding.,The pace was manageable.,A productive and informative session.,Positive
The explanation was difficult to follow.,There were not enough practical examples.,The session could have been better organized.,I was still confused about some concepts.,The teaching pace was too fast.,The session was confusing and needs improvement.,Negative
The instructor moved through the topic too quickly.,The examples were unclear.,The session felt unstructured.,Some important concepts were not explained.,The pace was too fast.,More explanation and examples were needed.,Negative
The concepts were not explained clearly.,The practical activities were limited.,The session lacked structure.,I had difficulty understanding the topic.,The pace was uncomfortable.,The session was not very effective.,Negative
The instructor did not spend enough time on difficult topics.,The examples were insufficient.,The session was poorly organized.,Several concepts remained unclear.,The pace was rushed.,The session could be improved significantly.,Negative
The explanations were confusing.,The examples did not match the topic well.,The session was not interactive.,I could not understand some important points.,The pace was too quick.,I found the session difficult to follow.,Negative
The instructor needed to explain the topic in more detail.,There were very few examples.,The session organization could be improved.,My understanding remained limited.,The pace was fast.,The session needs better explanation and structure.,Negative
The practical portion was not clear.,The examples were difficult to understand.,The session lacked proper organization.,I needed more clarification.,The pace was too fast.,"Overall, the session was disappointing.",Negative
The session was acceptable.,Some examples were useful.,The organization was reasonable.,I understood most of the concepts.,The pace was manageable.,The session was satisfactory overall.,Neutral
The instructor explained the topic adequately.,Some practical examples were provided.,The session was reasonably organized.,I understood the main ideas.,The pace was acceptable.,It was an average session.,Neutral
The content was informative.,The examples were neither very good nor very poor.,The session followed the planned structure.,I understood some concepts clearly.,The pace was moderate.,"Overall, the session was okay.",Neutral
The teaching was satisfactory.,A few examples were helpful.,The session was organized adequately.,Most basic concepts were understandable.,The pace was fine.,The session met the basic expectations.,Neutral
The instructor covered the main topics.,The practical examples were average.,The session was adequately organized.,I understood the general concepts.,The pace was neither too fast nor too slow.,It was a reasonable learning session.,Neutral
The explanation was adequate.,More examples could have been included.,The session structure was acceptable.,I understood the important points.,The pace was okay.,The session was satisfactory but could be improved.,Neutral
The instructor answered most questions.,The examples were sufficient.,The session was organized.,I understood the basic concepts.,The pace was comfortable.,"Overall, it was an average session.",Neutral
The session covered the expected topics.,The examples were useful in some parts.,The organization was acceptable.,My understanding improved slightly.,The pace was moderate.,The session was fine overall.,Neutral
The instructor explained the concepts clearly.,The practical exercises were useful.,The session was well structured.,I gained a better understanding of the subject.,The pace was appropriate.,A helpful and well-organized session.,Positive
The session was interactive and informative.,The examples were relevant.,The instructor managed the session well.,The topic was easy to follow.,The pace was comfortable.,I enjoyed the learning experience.,Positive
The instructor gave clear explanations.,The practical examples were valuable.,The session was organized effectively.,The concepts were easy to understand.,The pace was suitable.,"Overall, it was an excellent session.",Positive
The topic was explained in a simple way.,The activities supported the learning.,The session was engaging.,I understood the concepts well.,The pace was good.,The session was informative and useful.,Positive
The session lacked clarity.,More practical examples were required.,The organization could be improved.,Some concepts were still confusing.,The pace was slightly fast.,The session was below my expectations.,Negative
The explanation was incomplete.,The practical examples were limited.,The session was not very organized.,I needed more clarification.,The pace was rushed.,The session could have been more effective.,Negative
